walls der Padelfaktor;Filip;Adelmann;Adelmann_Filip;DE
;Alexander;Adolf;Adolf_Alexander;DE
;Luis;Adrián;Adrián_Luis;ES
Füchse Berlin Reinickendorf e.V.;Jasper;Ahrens;Ahrens_Jasper;DE
Spielvereinigung 1910 Durlach-Aue e.V.;Debora;Albanez;Albanez_Debora;ES
;Holger;Albertzarth;Albertzarth_Holger;DE
Padel Berlin;Sergi;Albiol;Albiol_Sergi;ES
Padel Club München;Jordi;Albors;Albors_Jordi;ES
Padel Club Berlin International e.V.;Carlos;Alcalá-Santaella;Alcalá-Santaella_Carlos;ES
Padel Club Berlin International e.V.;Luis;Alcalá-Santaella;Alcalá-Santaella_Luis;ES
;Eduardo;Alonso Chillarón;Alonso Chillarón_Eduardo;ES
Padel Club München;Álvaro;Alonso;Alonso_Álvaro;ES
Padel Berlin;Daniel;Alonso;Alonso_Daniel;ES
Padel Club München;José;Alonso;Alonso_José;ES
;David;Alten;Alten_David;AT
Padel Club München;Marta;Álvarez;Álvarez_Marta;ES
Padel Club München;Javier;Anaya;Anaya_Javier;ES
;Anton;Andersson;Andersson_Anton;SE
Tennisclub Schwaigern e.V.;Rafael;Andrasy;Andrasy_Rafael;RO
Tennisclub Schwaigern e.V.;Uwe;Andrasy;Andrasy_Uwe;RO
;François;Andre;Andre_François;BE
;Mauricio;Andrini;Andrini_Mauricio;AR
;Félix;Anglada Pena;Anglada Pena_Félix;ES
Pfrimmpark Arena;Sascha;Anlar;Anlar_Sascha;DE
Unisport Köln;Francisco;Antón;Antón_Francisco;ES
Padel Berlin;Carlos;Aragón;Aragón_Carlos;MX
Padel Club Berlin International e.V.;Sole;Arcolano;Arcolano_Sole;AR
;Antonio;Arenas;Arenas_Antonio;ES
;Javier;Artacho;Artacho_Javier;ES
;Bernhard;Aumayer;Aumayer_Bernhard;AT
Padel Club Berlin International e.V.;Falco;Aust;Aust_Falco;DE
;Arnau;Ayats Delgado;Ayats Delgado_Arnau;ES
;José;Aznar Gálvez;Aznar Gálvez_José;ES
;Sarah;Bachmann;Bachmann_Sarah;DE
Pfrimmpark Arena;Katrin;Bäcker;Bäcker_Katrin;DE
Sportcenter Hahn;Franka;Balcke;Balcke_Franka;DE
;Aleksandra;Balwierczyk;Balwierczyk_Aleksandra;PL
Spielvereinigung 1910 Durlach-Aue e.V.;Marc;Bardés;Bardés_Marc;ES
Padel Club München;Leyre;Barragán Zapirain;Barragán Zapirain_Leyre;ES
;Mateus;Barragana;Barragana_Mateus;BR
;Florian;Barth;Barth_Florian;DE
Padel Berlin;Jordi;Basiana;Basiana_Jordi;ES
Skiclub Ettlingen e.V.;Björn;Basler;Basler_Björn;DE
Padel Club München;Franziska;Bauditz;Bauditz_Franziska;DE
Tennis-Club Grötzingen e.V.;Christian;Bauer;Bauer_Christian;DE
Tennis-Club Grötzingen e.V.;Tim;Bauer;Bauer_Tim;DE
;Albert;Baukloh;Baukloh_Albert;DE
;Lars;Baumann;Baumann_Lars;DE
Spielvereinigung 1910 Durlach-Aue e.V.;Daniel;Baumgartner;Baumgartner_Daniel;DE
;Ivana;Beck;Beck_Ivana;DE
Padel Club München;Sven;Beck;Beck_Sven;DE
;Daniel;Becker;Becker_Daniel;DE
;Matias;Becker;Becker_Matias;DE
;Lucie;Bedanova;Bedanova_Lucie;CZ
Condor Padel;Christoph;Bednarz;Bednarz_Christoph;DE
;Andreas;Beer;Beer_Andreas;SE
;Tobias;Beese;Beese_Tobias;DE
;Esteban;Belmonte Zamora;Belmonte Zamora_Esteban;ES
Padel Club Berlin International e.V.;Marcos;Belmonte;Belmonte_Marcos;ES
;Sébastien;Belot;Belot_Sébastien;BE
;Coen;Beltman;Beltman_Coen;NL
;Eduard;Beltrán Prat;Beltrán Prat_Eduard;ES
Sportcenter Hahn;Marc;Bender;Bender_Marc;DE
Unisport Köln;Christina;Benesch;Benesch_Christina;DE
;Kerstin;Benson;Benson_Kerstin;GB
Condor Padel;Kirsten;Benson;Benson_Kirsten;DE
Condor Padel;Siegfried;Benthin;Benthin_Siegfried;DE
;Joaquín;Berbiela Bustamante;Berbiela Bustamante_Joaquín;ES
Unisport Köln;Javier;Berenguel del Cerro;Berenguel del Cerro_Javier;ES
TC Niddapark Frankfurt;José;Bermúdez Peña;Bermúdez Peña_José;ES
Condor Padel;Gonzalo;Bernar;Bernar_Gonzalo;ES
court 4 GmbH;Axel;Bernhard;Bernhard_Axel;DE
;Anton;Bettink;Bettink_Anton;NZ
walls der Padelfaktor;Hendrik;Beuning;Beuning_Hendrik;DE
walls der Padelfaktor;Egbert;Beuren;Beuren_Egbert;DE
;Björn;Biedermann;Biedermann_Björn;DE
;Dominik;Bierent;Bierent_Dominik;AT
walls der Padelfaktor;Ingo;Bierschel;Bierschel_Ingo;DE
;Marius;Biewen;Biewen_Marius;DE
Sportcenter Hahn;Thomas;Birle;Birle_Thomas;DE
Padel Berlin;Fernando;Blanchart;Blanchart_Fernando;ES
;José Manuel;Blánquez Montoya;Blánquez Montoya_José Manuel;ES
;Mario;Boas;Boas_Mario;PT
;Florian;Bode;Bode_Florian;DE
;Berend;Boers;Boers_Berend;NL
TVN-Essen;Matthias;Böhmer;Böhmer_Matthias;DE
Tennisverein Espelkamp e.V.;Christian;Böhnke;Böhnke_Christian;DE
;Julian;Boitelle;Boitelle_Julian;ES
;;Bolcius;Bolcius_;DE
Spielvereinigung 1910 Durlach-Aue e.V.;Simone;Bommert;Bommert_Simone;DE
Unisport Köln;Ferrán;Bonet;Bonet_Ferrán;ES
Padel Berlin;Matías;Bonet;Bonet_Matías;ES
;Dennis;Bonna;Bonna_Dennis;DE
court 4 GmbH;Mirko;Borna Nizic;Borna Nizic_Mirko;RS
TC Niddapark Frankfurt;Luis;Borruel Navarro;Borruel Navarro_Luis;ES
;Giovanni;Bos;Bos_Giovanni;NL
Tennisverein Espelkamp e.V.;Markus;Böschemeier;Böschemeier_Markus;DE
;Günther;Bosselmann;Bosselmann_Günther;DE
Condor Padel;Lars;Bosselmann;Bosselmann_Lars;DE
Unisport Köln;Frederick;Bott;Bott_Frederick;DE
Tennisclub TC 71 Weyhe e.V.;Colin;Böttger;Böttger_Colin;DE
Pfrimmpark Arena;Ramón;Bover Solano;Bover Solano_Ramón;ES
court 4 GmbH;Björn;Boxberger;Boxberger_Björn;DE
;Nick;Braet;Braet_Nick;NL
;Claudia;Bräm;Bräm_Claudia;CH
;Pete;Brandhorst;Brandhorst_Pete;DE
;Uwe;Braun;Braun_Uwe;DE
Padel Club Berlin International e.V.;José;Bravo Galván;Bravo Galván_José;ES
Padel Club Berlin International e.V.;Mario;Bravo Galván;Bravo Galván_Mario;ES
Unisport Köln;Robin;Breburda;Breburda_Robin;DE
Tennisverein Espelkamp e.V.;Christian;Brettschneider;Brettschneider_Christian;DE
Tennisclub TC 71 Weyhe e.V.;Eike;Breyer;Breyer_Eike;DE
Tennisclub TC 71 Weyhe e.V.;Inken;Breyer;Breyer_Inken;DE
Padel Berlin;Maximilian;Brock;Brock_Maximilian;DE
;Morten Kirk;Brødbæk;Brødbæk_Morten Kirk;DK
Tennisclub TC 71 Weyhe e.V.;Danny;Brokoriow;Brokoriow_Danny;DE
;Dan;Brown;Brown_Dan;GB
Condor Padel;Jörn;Brüggemann;Brüggemann_Jörn;DE
;Peter;Bruijsten;Bruijsten_Peter;NL
;Jörg;Brunotte;Brunotte_Jörg;DE
;Dario;Buchholz;Buchholz_Dario;DE
Padel Club München;Franziska;Buchholz;Buchholz_Franziska;DE
;Ferrán Andreu;Buils Huguet;Buils Huguet_Ferrán Andreu;ES
;Simon;Buring;Buring_Simon;DE
Padel Club Berlin International e.V.;Marc;Büttner;Büttner_Marc;DE
;Michał;Buze;Buze_Michał;PL
Spielvereinigung 1910 Durlach-Aue e.V.;Robert;Calamar;Calamar_Robert;ES
;Adrián;Calcines Novum;Calcines Novum_Adrián;ES
Unisport Köln;Patricia;Calderón Behrens;Calderón Behrens_Patricia;CL
Spielvereinigung 1910 Durlach-Aue e.V.;Víctor;Calero;Calero_Víctor;ES
Condor Padel;Manuel;Camacho Motilla;Camacho Motilla_Manuel;ES
Padel Club München;Conchita;Cánovas González;Cánovas González_Conchita;ES
;Marcelo;Capitani;Capitani_Marcelo;AR
;Mirko;Capozzoli;Capozzoli_Mirko;IT
;Alejandro;Carbonell;Carbonell_Alejandro;ES
;Juan;Cárdenas;Cárdenas_Juan;CL
;María Soledad;Carrasco Hortal;Carrasco Hortal_María Soledad;ES
;Ikeya;Carrero;Carrero_Ikeya;ES
;David;Carretero;Carretero_David;ES
;Nuno;Carvalho;Carvalho_Nuno;PT
;Lucas;Castellote;Castellote_Lucas;ES
;Tracy;Castillo;Castillo_Tracy;DE
Padel Club München;Víctor;Catalán;Catalán_Víctor;ES
Sportclub Schwarz-Weiss Cuxhaven;David;Cavero Pintado;Cavero Pintado_David;ES
;Paul;Cherbin;Cherbin_Paul;DE
Condor Padel;Malte;Christesen;Christesen_Malte;DE
Condor Padel;Maximilian;Cibis;Cibis_Maximilian;DE
;Jasper;Claßen;Claßen_Jasper;DE
;Peter;Clausen;Clausen_Peter;DE
Tennisverein Espelkamp e.V.;Wanja;Clauß;Clauß_Wanja;DE
Padel Club München;Lorenzo;Clavé;Clavé_Lorenzo;ES
Padel Berlin;Jorge;Cloquell;Cloquell_Jorge;ES
;Dominique;Coene;Coene_Dominique;BE
Spielvereinigung 1910 Durlach-Aue e.V.;Ignacio;Colilles;Colilles_Ignacio;ES
;Esther;Coll Ribas;Coll Ribas_Esther;ES
TC Niddapark Frankfurt;Francisco;Corral;Corral_Francisco;ES
;Victoria;Correa Merlassino;Correa Merlassino_Victoria;ES
;Bernardino;Corrochano;Corrochano_Bernardino;ES
Padel Berlin;Hernán;Cortés;Cortés_Hernán;ES
;Andrea;Cousillas;Cousillas_Andrea;ES
;Jaime;Couto;Couto_Jaime;PT
;Colin;Craft;Craft_Colin;US
Spielvereinigung 1910 Durlach-Aue e.V.;Frank;Cramer;Cramer_Frank;DE
Spielvereinigung 1910 Durlach-Aue e.V.;Kim;Cramer;Cramer_Kim;DE
Spielvereinigung 1910 Durlach-Aue e.V.;Manuela;Cramer;Cramer_Manuela;DE
;Guillaume;Crasson;Crasson_Guillaume;BE
;Jeray;Cruck;Cruck_Jeray;DE
;Ana;Cruz Varea;Cruz Varea_Ana;DE
;Mariano;Cutrera Lentini;Cutrera Lentini_Mariano;AR
;Łukasz;Cyranski;Cyranski_Łukasz;PL
Condor Padel;Andrea;Daghero;Daghero_Andrea;IT
Padel Club München;Gabriel;Dal-Ri;Dal-Ri_Gabriel;ES
walls der Padelfaktor;Christoph;Damaske;Damaske_Christoph;DE
;Alexandra;Dämmig;Dämmig_Alexandra;DE
Tennisclub TC 71 Weyhe e.V.;Malte;Daum;Daum_Malte;DE
Unisport Köln;Tobias;Dausch;Dausch_Tobias;DE
Padel Berlin;Nico;Dávila;Dávila_Nico;ES
;Celia;de Anta;de Anta_Celia;ES
;Federico;de Carvajal;de Carvajal_Federico;ES
Spielvereinigung 1910 Durlach-Aue e.V.;Adrián;De Diego;De Diego_Adrián;ES
;Ángel;de Nicolás;de Nicolás_Ángel;ES
;Erik-Jelle;De Wit;De Wit_Erik-Jelle;NL
;Eduardo;del Valle-Inclán;del Valle-Inclán_Eduardo;ES
;Lino;Dell;Dell_Lino;IT
Unisport Köln;Jannik;Deters;Deters_Jannik;DE
Spielvereinigung 1910 Durlach-Aue e.V.;Emiliano;Di Carlo;Di Carlo_Emiliano;IT
Spielvereinigung 1910 Durlach-Aue e.V.;Roberta;di Mauro;di Mauro_Roberta;IT
walls der Padelfaktor;Boubacar;Diallo;Diallo_Boubacar;DE
Padel Club München;Ignacio;Díaz;Díaz_Ignacio;ES
;Jesús;Díaz;Díaz_Jesús;ES
Padel Berlin;Yhazmina;Díaz;Díaz_Yhazmina;ES
Tennisclub TC 71 Weyhe e.V.;Gerhard;Diehl;Diehl_Gerhard;DE
;Timo;Dietz;Dietz_Timo;DE
;Asier;Díez Iztueta;Díez Iztueta_Asier;ES
;Daniel;Díez;Díez_Daniel;ES
Condor Padel;Nils;Digel;Digel_Nils;DE
;Saskia;Dobusch;Dobusch_Saskia;DE
;Pío;Dolera;Dolera_Pío;ES
Condor Padel;Ismael;Domínguez González;Domínguez González_Ismael;ES
Tennisclub TC 71 Weyhe e.V.;Juan Luis;Domínguez Santos;Domínguez Santos_Juan Luis;ES
;Borja;Doncel Soriano;Doncel Soriano_Borja;ES
Padel Club München;Stefan;Döppenschmidt;Döppenschmidt_Stefan;DE
Padel Club München;Benedikt;Dorsch;Dorsch_Benedikt;DE
walls der Padelfaktor;Stephan;Döttelbeck;Döttelbeck_Stephan;DE
Pfrimmpark Arena;Peter;Dreilich;Dreilich_Peter;DE
Pfrimmpark Arena;Wolf;Dreissigacker;Dreissigacker_Wolf;DE
walls der Padelfaktor;Matthias;Drerup;Drerup_Matthias;DE
walls der Padelfaktor;Ralf;Dresbach;Dresbach_Ralf;DE
Pfrimmpark Arena;Biggi;Dresel;Dresel_Biggi;DE
Pfrimmpark Arena;Klaus;Dresel;Dresel_Klaus;DE
walls der Padelfaktor;Rally;Dresnach;Dresnach_Rally;DE
Condor Padel;Thorsten;Drews;Drews_Thorsten;DE
;Pasqual;Duttlinger;Duttlinger_Pasqual;DE
;Philipp;Duttlinger;Duttlinger_Philipp;DE
Condor Padel;Guido;Eberhard;Eberhard_Guido;DE
;Johannes;Ebner;Ebner_Johannes;DE
KETV Karlsruher Eislauf und Tennisverein 1911 e.V.;Günter;Eckert;Eckert_Günter;DE
Tennis-Club Grötzingen e.V.;Marvin;Eckert;Eckert_Marvin;DE
Padel Club München;Peppi;Eckmeier;Eckmeier_Peppi;DE
;Matthias;Ederer;Ederer_Matthias;AT
;Jesús;Egea;Egea_Jesús;ES
KETV Karlsruher Eislauf und Tennisverein 1911 e.V.;Lutz;Ehmsen;Ehmsen_Lutz;DE
;Tobias;Eichmann;Eichmann_Tobias;DE
;Nils;Einstmann;Einstmann_Nils;DE
Padel Club Berlin International e.V.;Johan;Ekstrand;Ekstrand_Johan;SE
Condor Padel;Mimoun;El Yahioui;El Yahioui_Mimoun;ES
Condor Padel;Nico;Elf;Elf_Nico;DE
Padel Club Berlin International e.V.;Aneta;Embruch;Embruch_Aneta;DE
Sportclub Schwarz-Weiss Cuxhaven;Kai;Engelbrecht;Engelbrecht_Kai;DE
;Pablo;Enserio;Enserio_Pablo;ES
;Franz;Enz;Enz_Franz;AR
Padel Club München;Christian;Epple;Epple_Christian;DE
Padel Club München;Florian;Epple;Epple_Florian;DE
Soccer GmbH Münster;David;Ernsting;Ernsting_David;DE
Padel Berlin;Percy;Escobar;Escobar_Percy;BO
;Andrés;Esquivias Iglesias;Esquivias Iglesias_Andrés;ES
Padel Club München;Inmaculada;Estañol;Estañol_Inmaculada;ES
TC Niddapark Frankfurt;Roberto;Esteban Ramos;Esteban Ramos_Roberto;ES
Unisport Köln;Rafael;Esteban;Esteban_Rafael;ES
;Milou;Ettekoven;Ettekoven_Milou;NL
Condor Padel;Niels;Evers;Evers_Niels;DE
;Julien;Evrard;Evrard_Julien;BE
Sportcenter Hahn;Giorgia;Fabbri;Fabbri_Giorgia;IT
Padel Club Berlin International e.V.;;Fabio;Fabio_;DE
Padel Berlin;Sven;Fässler;Fässler_Sven;DE
;Jeppe;Faurfelt;Faurfelt_Jeppe;DK
;Monica;Fazio;Fazio_Monica;IT
Padel Berlin;Lucas;Felder;Felder_Lucas;AT
Padel Club Berlin International e.V.;Kai;Felke;Felke_Kai;DE
;Dori;Ferenczi;Ferenczi_Dori;HU
Pfrimmpark Arena;José Carlos;Fernández Cruz;Fernández Cruz_José Carlos;ES
Pfrimmpark Arena;Santiago;Fernández Gómez;Fernández Gómez_Santiago;ES
;Bequi;Fernández;Fernández_Bequi;ES
;José Carlos;Fernández;Fernández_José Carlos;ES
Padel & Padbol Memmingen;Leonardo;Fernández;Fernández_Leonardo;AR
;Manuel;Fernández;Fernández_Manuel;ES
Padel Berlin;Alberto;Ferrero;Ferrero_Alberto;IT
Padel Club München;Patricia;Ferrés Rubau;Ferrés Rubau_Patricia;ES
;Fermín;Ferreyra;Ferreyra_Fermín;AR
Padel Club Berlin International e.V.;Francisco;Ferro;Ferro_Francisco;IT
;Gernot;Fess;Fess_Gernot;BE
Padel Club Berlin International e.V.;Roberto;Finez;Finez_Roberto;ES
;Amke;Fischer;Fischer_Amke;DE
Condor Padel;Wilfried;Fischer;Fischer_Wilfried;DE
Tennisclub Schwaigern e.V.;Steffen;Flößer;Flößer_Steffen;DE
Padel Berlin;David;Folgado;Folgado_David;ES
Spielvereinigung 1910 Durlach-Aue e.V.;Enrico;Fornieles;Fornieles_Enrico;ES
Tennisclub TC 71 Weyhe e.V.;Rainer;Förster;Förster_Rainer;DE
Sportclub Schwarz-Weiss Cuxhaven;Wolfgang;Franck;Franck_Wolfgang;DE
;Balcke;Franka;Franka_Balcke;DE
Padel RheinMain;Lucía;Frau Tascón;Frau Tascón_Lucía;ES
;Daniel;Frekot;Frekot_Daniel;DE
;;Frenkel;Frenkel_;DE
Tennisclub Schwaigern e.V.;Thomas;Frensch;Frensch_Thomas;DE
walls der Padelfaktor;Miriam;Fricke;Fricke_Miriam;DE
walls der Padelfaktor;Stefan;Fricke;Fricke_Stefan;DE
Pfrimmpark Arena;Andre;Friedel;Friedel_Andre;DE
Condor Padel;André;Friedrichs;Friedrichs_André;DE
;Jeroen;Froma;Froma_Jeroen;NL
Padel Club Berlin International e.V.;Ana;Frowein;Frowein_Ana;ES
Padel Berlin;Samuel;Fuentes;Fuentes_Samuel;ES
;Jéremy;Gala;Gala_Jéremy;BE
Padel Point NRW;Annika;Galecki;Galecki_Annika;DE
TC Niddapark Frankfurt;Julio;Gallardo;Gallardo_Julio;ES
Condor Padel;Jan-Lucas;Ganssauge;Ganssauge_Jan-Lucas;FR
Tennisclub Schwaigern e.V.;Carlos;García Bennassar;García Bennassar_Carlos;ES
;Rebeca Susana;García Gallego;García Gallego_Rebeca Susana;ES
;Gema;García Gaspar;García Gaspar_Gema;ES
Padel Berlin;Lorenzo;García Grumbach;García Grumbach_Lorenzo;ES
Condor Padel;Jesús;García Perojil;García Perojil_Jesús;ES
Padel Berlin;Javier;García;García_Javier;ES
Padel Berlin;Juan;García;García_Juan;ES
Padel Club München;Juan Carlos;García;García_Juan Carlos;ES
Padel Berlin;Rafael;García;García_Rafael;ES
;François;Gardier;Gardier_François;BE
;Estela;Garin;Garin_Estela;IT
Condor Padel;Manuel;Garin;Garin_Manuel;IT
Padel Club München;Ion;Garmendia;Garmendia_Ion;ES
Padel Club München;Daniel;Garrido;Garrido_Daniel;ES
;Mats;Gärtner;Gärtner_Mats;DE
Unisport Köln;Dennis;Gatzke;Gatzke_Dennis;DE
Spielvereinigung 1910 Durlach-Aue e.V.;Christoph;Gau;Gau_Christoph;DE
;Bernd;Gausmann;Gausmann_Bernd;DE
walls der Padelfaktor;Holger;Gehrke;Gehrke_Holger;DE
walls der Padelfaktor;Mikura;Gelhausen;Gelhausen_Mikura;DE
TVN-Essen;Kieron;Gerbig;Gerbig_Kieron;DE
;Klement;Gernot;Gernot_Klement;AT
Tennisverein Espelkamp e.V.;Andreas;Gerth;Gerth_Andreas;DE
;Ángel;Gil Fugado;Gil Fugado_Ángel;ES
Padel Berlin;Tomás;Gimeno;Gimeno_Tomás;ES
;Gualtiero;Girodat;Girodat_Gualtiero;IT
Padel Berlin;Marc;Gladysz;Gladysz_Marc;NL
Sportclub Schwarz-Weiss Cuxhaven;Arne;Glüsing;Glüsing_Arne;DE
Füchse Berlin Reinickendorf e.V.;Christoph;Goerke;Goerke_Christoph;DE
Sportcenter Hahn;Antonia;Goldschmidt;Goldschmidt_Antonia;DE
Sportcenter Hahn;Michael;Goldschmidt;Goldschmidt_Michael;DE
Unisport Köln;Marc-Kevin;Göllner;Göllner_Marc-Kevin;DE
;Silvia;Gómez Condado;Gómez Condado_Silvia;ES
;Daniel;Gómez Kempf;Gómez Kempf_Daniel;ES
Condor Padel;Reyna;Gómez Moreno;Gómez Moreno_Reyna;ES
Padel Berlin;Javier;Gómez;Gómez_Javier;ES
;Jimena;González Querol;González Querol_Jimena;AR
Füchse Berlin Reinickendorf e.V.;Francisco;González Serrano;González Serrano_Francisco;ES
Padel Club Berlin International e.V.;Roberto;González Teruel;González Teruel_Roberto;ES
;Christian;González;González_Christian;AR
Padel Club München;Cristina;González;González_Cristina;ES
Condor Padel;Diego;González-Pinto;González-Pinto_Diego;ES
;Oskar;Gorka;Gorka_Oskar;PL
Spielvereinigung 1910 Durlach-Aue e.V.;Jordi;Gorrea Morral;Gorrea Morral_Jordi;ES
walls der Padelfaktor;Tobias;Goth;Goth_Tobias;DE
;Yvonne;Gotschke;Gotschke_Yvonne;DE
Padel Berlin;Florian;Gottschalk;Gottschalk_Florian;DE
Tennis-Club Grötzingen e.V.;Finn;Götzelmann;Götzelmann_Finn;DE
Tennis-Club Grötzingen e.V.;Ralf;Götzelmann;Götzelmann_Ralf;DE
Tennis-Club Grötzingen e.V.;Nils;Gräber;Gräber_Nils;DE
TVN-Essen;Maxim;Grachev;Grachev_Maxim;ES
walls der Padelfaktor;Ralph;Grambow;Grambow_Ralph;DE
Padel Berlin;Gonzalo;Gran;Gran_Gonzalo;ES
Padel Berlin;Fabian;Graske;Graske_Fabian;DE
Padel Club München;Cristina;Grau;Grau_Cristina;ES
Tennisverein Espelkamp e.V.;Oliver;Grau;Grau_Oliver;DE
;Patrick;Grauel;Grauel_Patrick;DE
Condor Padel;Marcos;Gregori Gil;Gregori Gil_Marcos;ES
;Torsten;Greif;Greif_Torsten;DE
;Christopher;Grieben;Grieben_Christopher;DE
Pfrimmpark Arena;Arthur;Grinberg;Grinberg_Arthur;DE
;Timo;Gross;Gross_Timo;DE
Condor Padel;Johanna;Große Daldrup;Große Daldrup_Johanna;DE
Padel RheinMain;Marcelo;Grosso;Grosso_Marcelo;AR
walls der Padelfaktor;Patricia;Grove;Grove_Patricia;DE
Condor Padel;Marco;Gründemann;Gründemann_Marco;DE
Füchse Berlin Reinickendorf e.V.;Niklas;Grünke;Grünke_Niklas;DE
TC Niddapark Frankfurt;Alejandro;Gual;Gual_Alejandro;ES
;Pablo;Guerrero Seoane;Guerrero Seoane_Pablo;ES
;Pablo;Guillén;Guillén_Pablo;ES
Condor Padel;Malte;Gumpicht;Gumpicht_Malte;DE
;Alberto;Gutiérrez Soria;Gutiérrez Soria_Alberto;ES
Unisport Köln;Ignacio;Gutiérrez Soria;Gutiérrez Soria_Ignacio;ES
;Mario;Gutiérrez Soria;Gutiérrez Soria_Mario;ES
Padel Berlin;José Antonio;Gutiérrez;Gutiérrez_José Antonio;ES
walls der Padelfaktor;Elias;Gutmann;Gutmann_Elias;DE
;Till;Gygax;Gygax_Till;CH
Sportclub Schwarz-Weiss Cuxhaven;Jan;Haack;Haack_Jan;DE
;Omer;Hadzalic;Hadzalic_Omer;BA
Condor Padel;Friedrich;Haensch;Haensch_Friedrich;DE
Condor Padel;Andreas;Hafer;Hafer_Andreas;DE
Condor Padel;Martina;Hafer;Hafer_Martina;DE
Pfrimmpark Arena;Peter;Haffner;Haffner_Peter;DE
Sportclub Schwarz-Weiss Cuxhaven;Ralf;Hagen;Hagen_Ralf;DE
Sportcenter Hahn;Alec;Hahn;Hahn_Alec;DE
Sportcenter Hahn;Christopher;Hahn;Hahn_Christopher;DE
Sportcenter Hahn;Daniel;Hahn;Hahn_Daniel;DE
Pfrimmpark Arena;Heiko;Hahn;Hahn_Heiko;DE
Sportcenter Hahn;Sandra;Hahn;Hahn_Sandra;DE
Sportcenter Hahn;Timo;Hahn;Hahn_Timo;DE
Sportcenter Hahn;Wolfgang;Hahn;Hahn_Wolfgang;DE
Padel Club Berlin International e.V.;Julian;Hallberg;Hallberg_Julian;DE
;Thomas;Haloschan;Haloschan_Thomas;DE
Sportcenter Hahn;Fabian;Hanauer;Hanauer_Fabian;DE
;Eva;Handel;Handel_Eva;DE
;David;Hansson;Hansson_David;SE
Padel Berlin;Enrico;Hartung;Hartung_Enrico;DE
Tennisverein Espelkamp e.V.;Hadi;Haschemi;Haschemi_Hadi;DE
;Sorusch;Haschemi;Haschemi_Sorusch;IR
;Boas;Haug;Haug_Boas;DE
;Ruben;Haug;Haug_Ruben;DE
;Tonny;Haugen;Haugen_Tonny;SE
;Philipp;Havermann;Havermann_Philipp;DE
;Robert;Heberger;Heberger_Robert;DE
Unisport Köln;Heinz-Dieter;Heckmann;Heckmann_Heinz-Dieter;DE
walls der Padelfaktor;Nina;Heft;Heft_Nina;DE
KETV Karlsruher Eislauf und Tennisverein 1911 e.V.;Philipp;Heger;Heger_Philipp;DE
Tennisclub TC 71 Weyhe e.V.;Horst;Heggemeier;Heggemeier_Horst;DE
Tennisclub Schwaigern e.V.;Daniel;Heiche;Heiche_Daniel;ES
Tennisclub Schwaigern e.V.;Gunter;Heiche;Heiche_Gunter;DE
;Moritz;Heimpel;Heimpel_Moritz;DE
Tennis-Club Grötzingen e.V.;Nicolas;Heinemann;Heinemann_Nicolas;DE
Füchse Berlin Reinickendorf e.V.;Nils;Heininger;Heininger_Nils;DE
;Philipp;Heinrich;Heinrich_Philipp;DE
;Anna;Hellmich;Hellmich_Anna;DE
Condor Padel;Robin;Hemp;Hemp_Robin;DE
Unisport Köln;Marcelo;Hennet;Hennet_Marcelo;ES
TVN-Essen;Mike;Henning;Henning_Mike;DE
;Philipp;Henrich;Henrich_Philipp;DE
TC Niddapark Frankfurt;Justus;Herbert;Herbert_Justus;DE
Tennis-Club Grötzingen e.V.;Marco;Herhoffer;Herhoffer_Marco;DE
Tennis-Club Grötzingen e.V.;Maren;Herhoffer;Herhoffer_Maren;DE
Condor Padel;Carola;Hermann;Hermann_Carola;DE
;Axel;Herms;Herms_Axel;DE
Padel Berlin;Mauro;Hernán Papa;Hernán Papa_Mauro;AR
;Pablo;Hernández Malmierca;Hernández Malmierca_Pablo;ES
;Francisco;Hernández;Hernández_Francisco;ES
Padel Berlin;Ignacio;Hernández;Hernández_Ignacio;ES
Padel Berlin;Juan Carlos;Hernández;Hernández_Juan Carlos;ES
Padel Club München;Karina;Hernández;Hernández_Karina;ES
;Mireia;Herrando;Herrando_Mireia;ES
;Félix;Herrero Bestard;Herrero Bestard_Félix;ES
;Jonathan;Herrero;Herrero_Jonathan;ES
;Anita;Herrmann;Herrmann_Anita;DE
Padel Club Berlin International e.V.;Thomas;Herzberg;Herzberg_Thomas;DE
Spielvereinigung 1910 Durlach-Aue e.V.;Peter;Hesselschwerdt;Hesselschwerdt_Peter;DE
;Esben;Hess-Olesen;Hess-Olesen_Esben;SE
Padel Club Berlin International e.V.;Amit;Hevroni;Hevroni_Amit;IL
Tennisverein Espelkamp e.V.;Gunnar;Hildebrand;Hildebrand_Gunnar;DE
Tennisverein Espelkamp e.V.;Inga;Hildebrand;Hildebrand_Inga;DE
;Philipp;Hilgers;Hilgers_Philipp;DE
Padel Berlin;Alexander;Hillbricht;Hillbricht_Alexander;DE
Sportcenter Hahn;Tom;Hillebrand;Hillebrand_Tom;DE
Tennisverein Espelkamp e.V.;Jan;Hiller;Hiller_Jan;DE
;Facundo;Hinojal;Hinojal_Facundo;AR
PADELBASE Werne;Thorsten;Hirsch;Hirsch_Thorsten;DE
;Rafael;Hoff;Hoff_Rafael;DE
;Dominik;Hoffmann;Hoffmann_Dominik;DE
;Sandra;Hole;Hole_Sandra;HU
;Marius;Holtbrick;Holtbrick_Marius;DE
Condor Padel;André;Holzmüller;Holzmüller_André;DE
;David;Horat;Horat_David;ES
Padel Club München;Laura;Horcajada;Horcajada_Laura;ES
Padel Berlin;Malte;Horlinghausen;Horlinghausen_Malte;DE
;Diego;Huber González;Huber González_Diego;ES
Padel Berlin;Alexander;Hübsch;Hübsch_Alexander;DE
Padel Club Berlin International e.V.;Hauke;Hussmann;Hussmann_Hauke;DE
Padel Berlin;Björn;Huteland;Huteland_Björn;DE
;Arne;Huuskonen;Huuskonen_Arne;FI
Padel Club Berlin International e.V.;Peter;Ibach;Ibach_Peter;DE
;Javier;Ibáñez;Ibáñez_Javier;ES
Padel Berlin;Carlos;Ibarra;Ibarra_Carlos;ES
Condor Padel;Axel;Irmer;Irmer_Axel;DE
Padel Berlin;Annette;Issi;Issi_Annette;DE
Padel Club München;Javier;Izcue Elizalde;Izcue Elizalde_Javier;ES
;Claudia;Jabalquinto;Jabalquinto_Claudia;ES
Pfrimmpark Arena;Marcus;Jäger;Jäger_Marcus;DE
;Tim;Jäger;Jäger_Tim;DE
TVN-Essen;Eike;Jahn;Jahn_Eike;DE
;Jordan;Jahn;Jahn_Jordan;DE
Padel Berlin;Marcus;Jahnke;Jahnke_Marcus;DE
;Rene;Jahr;Jahr_Rene;DE
Padel Club Berlin International e.V.;André;Janetzky;Janetzky_André;DE
walls der Padelfaktor;Hilke;Janssen;Janssen_Hilke;DE
Spielvereinigung 1910 Durlach-Aue e.V.;Rainer;Jaudes;Jaudes_Rainer;DE
TVN-Essen;Stefan;Jaudschus;Jaudschus_Stefan;DE
Tennis-Club Grötzingen e.V.;Christoph;Jennen;Jennen_Christoph;DE
Condor Padel;Daniel;Jensen;Jensen_Daniel;DE
;Laurent;Jeuniaux;Jeuniaux_Laurent;BE
Unisport Köln;Francisco;Jiménez Monroy;Jiménez Monroy_Francisco;ES
Padel Berlin;Ángel;Jiménez;Jiménez_Ángel;ES
;Ricardo;Jiménez;Jiménez_Ricardo;ES
TC Niddapark Frankfurt;Zuzana;Jirkovska;Jirkovska_Zuzana;CZ
Tennisclub TC 71 Weyhe e.V.;René;Jonker;Jonker_René;DE
;Tobias;Jordan;Jordan_Tobias;DE
walls der Padelfaktor;Vincent;Jülich;Jülich_Vincent;DE
;Philipp;Jung Gutiérrez;Jung Gutiérrez_Philipp;DE
;Benjamin;Jung;Jung_Benjamin;DE
;Rebecca;Jung;Jung_Rebecca;DE
;Dirk;Jungels;Jungels_Dirk;DE
Tennisclub TC 71 Weyhe e.V.;Yessa;Jürgens;Jürgens_Yessa;DE
Padel Club Berlin International e.V.;Kai;Kaiser;Kaiser_Kai;DE
Pfrimmpark Arena;Sascha;Kaiser;Kaiser_Sascha;DE
;Artur;Kaliszewski;Kaliszewski_Artur;DE
;Brando;Kamp;Kamp_Brando;NL
;David;Kamp;Kamp_David;NL
Condor Padel;Vasyl;Kania;Kania_Vasyl;UA
Padel Berlin;Vishal;Kapadia;Kapadia_Vishal;GB
Padel Club München;Christoph;Karmann;Karmann_Christoph;DE
Tennisverein Espelkamp e.V.;Philipp;Karwasz;Karwasz_Philipp;DE
;Martin;Kasus;Kasus_Martin;DE
;Tim;Kaufmann;Kaufmann_Tim;DE
;Frederik;Kaup;Kaup_Frederik;DE
Sportclub Schwarz-Weiss Cuxhaven;Arne;Kersting;Kersting_Arne;DE
;Malemaleorian;Kiefer;Kiefer_Malemaleorian;AT
Spielvereinigung 1910 Durlach-Aue e.V.;Leon;Kies;Kies_Leon;DE
;Ute;Klawitter;Klawitter_Ute;DE
;Annick;Kleine;Kleine_Annick;DE
;Lucas;Kleine-Stegemann;Kleine-Stegemann_Lucas;DE
;;Klempl;Klempl_;DE
KETV Karlsruher Eislauf und Tennisverein 1911 e.V.;Oliver;Klenert;Klenert_Oliver;DE
;Julia;Knake;Knake_Julia;DE
;Gerrit;Knichwitz;Knichwitz_Gerrit;DE
;Tim;Knipping;Knipping_Tim;DE
TVN-Essen;Jens;Knippschild;Knippschild_Jens;DE
Unisport Köln;Sebastian;Knobloch;Knobloch_Sebastian;DE
Spielvereinigung 1910 Durlach-Aue e.V.;Axel;Knoll;Knoll_Axel;DE
walls der Padelfaktor;Olaf;Knütel;Knütel_Olaf;DE
;Markus;Köberle;Köberle_Markus;AT
;Bernd;Koch;Koch_Bernd;DE
;Marcella;Koek;Koek_Marcella;NL
Tennis-Club Grötzingen e.V.;Sebastian;Kohler;Kohler_Sebastian;DE
;Magdalena;Kolarczyk;Kolarczyk_Magdalena;PL
TVN-Essen;Sabine;Kolbe;Kolbe_Sabine;DE
;Tobias;Kölle;Kölle_Tobias;DE
Padel Club Berlin International e.V.;Axel;Kölling;Kölling_Axel;DE
Padel Club Berlin International e.V.;Tim;Kölling;Kölling_Tim;DE
Tennis-Club Grötzingen e.V.;Dimitrios;Konstantinidis;Konstantinidis_Dimitrios;GR
;Andreas;Kopkau;Kopkau_Andreas;DE
Pfrimmpark Arena;Patrick;Kordic;Kordic_Patrick;DE
Condor Padel;Inga;Korff;Korff_Inga;DE
Condor Padel;Niklas;Korff;Korff_Niklas;DE
;Michael;Kräbert;Kräbert_Michael;DE
;Simon;Kranz;Kranz_Simon;DE
Sportclub Schwarz-Weiss Cuxhaven;Jan;Kraßmann;Kraßmann_Jan;DE
;Marina;Kraus;Kraus_Marina;DE
;Christoph;Krenn;Krenn_Christoph;AT
Condor Padel;Robert;Kroll;Kroll_Robert;DE
;Jasmin;Kropf;Kropf_Jasmin;DE
Condor Padel;Bennet;Kruger;Kruger_Bennet;DE
;Mario;Kucharski;Kucharski_Mario;DE
Pfrimmpark Arena;Nikolai;Kugele;Kugele_Nikolai;DE
;Peter;Kugler;Kugler_Peter;DE
Tennis-Club Grötzingen e.V.;Sebastian;Kummer;Kummer_Sebastian;DE
Tennis-Club Grötzingen e.V.;Tobias;Kummer;Kummer_Tobias;DE
TVN-Essen;Janina;Kummetz;Kummetz_Janina;DE
;Christopher;Kunsmann;Kunsmann_Christopher;DE
;Julius;Kurz;Kurz_Julius;DE
Skiclub Ettlingen e.V.;Victoria;Kurz;Kurz_Victoria;DE
;Jim;Kwakkel;Kwakkel_Jim;NL
Padel Berlin;Danilov;Kyrill;Kyrill_Danilov;DE
Padel Berlin;Christian;La Roche de Ángel;La Roche de Ángel_Christian;ES
Padel Club München;Álvaro;Ladrón de Guevara López-Sáez;Ladrón de Guevara López-Sáez_Álvaro;ES
;Nicolás;Lahaye;Lahaye_Nicolás;NL
Condor Padel;David;Lambour-Pauletto;Lambour-Pauletto_David;IT
;Catharina;Lammers;Lammers_Catharina;DE
Unisport Köln;Isabel;Langels;Langels_Isabel;DE
TVN-Essen;Caroline;Langerbein;Langerbein_Caroline;DE
;Henrik;Langhorst;Langhorst_Henrik;DE
;Rafael;Laso Pérez;Laso Pérez_Rafael;ES
Padel Berlin;Francesco;Latella;Latella_Francesco;IT
Tennisclub TC 71 Weyhe e.V.;Denny;Laube;Laube_Denny;DE
Sportcenter Hahn;Max;Lautenbach;Lautenbach_Max;DE
Padel Berlin;Álvaro;Lázaro Gallego;Lázaro Gallego_Álvaro;ES
Padel Club Berlin International e.V.;Paula Lucía;Ledesma;Ledesma_Paula Lucía;AR
;Gaetan;Leger;Leger_Gaetan;BE
;Jérôme;Legrand;Legrand_Jérôme;BE
;Werner;Lenz;Lenz_Werner;DE
Padel Club München;Daniel;León;León_Daniel;ES
;Jérémy;Léroy;Léroy_Jérémy;BE
;Arne;Leuschner;Leuschner_Arne;DE
Padel Berlin;Stephan;Lewen;Lewen_Stephan;DE
Padel Berlin;Kersten;Lewerenz;Lewerenz_Kersten;DE
;Daniel;Leydecker;Leydecker_Daniel;DE
Padel Club München;María Isabel;Librero Estébanez;Librero Estébanez_María Isabel;ES
Sportclub Schwarz-Weiss Cuxhaven;Nils;Lichtwark;Lichtwark_Nils;DE
Condor Padel;Bastian;Liese;Liese_Bastian;DE
;Andreas;Lilja;Lilja_Andreas;SE
Padel Berlin;Jordi;Linares;Linares_Jordi;ES
Füchse Berlin Reinickendorf e.V.;Ulf;Lindberg;Lindberg_Ulf;SE
TVN-Essen;Johannes;Lindmeyer;Lindmeyer_Johannes;DE
Condor Padel;Ingo;Lindner;Lindner_Ingo;DE
TVN-Essen;Daniel;Lingen;Lingen_Daniel;DE
;Peter;Lintermann;Lintermann_Peter;DE
;Mateusz;Lipiński;Lipiński_Mateusz;PL
Pfrimmpark Arena;Dennis;Lisek;Lisek_Dennis;DE
Padel Club München;María;Llorente;Llorente_María;ES
Tennisverein Espelkamp e.V.;Tobias;Löhbrink;Löhbrink_Tobias;DE
;Jessica;Lomba;Lomba_Jessica;DE
Tennisclub TC 71 Weyhe e.V.;Marco;Loosen;Loosen_Marco;DE
;Yolanda;López Giraldo;López Giraldo_Yolanda;ES
Padel Club München;Begoña;López;López_Begoña;ES
Padel Berlin;Guillermo;López;López_Guillermo;ES
;Iván;López;López_Iván;ES
;María;López;López_María;ES
;Olivier;López;López_Olivier;BE
;Víctor;López;López_Víctor;ES
;Javier;Loranca;Loranca_Javier;ES
Unisport Köln;Fabian;Lorson;Lorson_Fabian;DE
;Juan;Lucía;Lucía_Juan;ES
Tennis-Club Grötzingen e.V.;Philipp;Lücke;Lücke_Philipp;DE
;Leon;Luckow;Luckow_Leon;DE
Condor Padel;Steffen;Lüdke;Lüdke_Steffen;DE
Pfrimmpark Arena;Steffen;Lüers;Lüers_Steffen;DE
walls der Padelfaktor;Johanna;Luetgebrune;Luetgebrune_Johanna;DE
Tennisclub TC 71 Weyhe e.V.;Frank;Lührsen;Lührsen_Frank;DE
;Bequi;Luizelli;Luizelli_Bequi;BR
Tennisclub TC 71 Weyhe e.V.;Torsten;Lüllmann;Lüllmann_Torsten;DE
Condor Padel;Moritz;Lund;Lund_Moritz;DE
Condor Padel;Thomas;Lund;Lund_Thomas;DE
Condor Padel;Ulrike;Lund;Lund_Ulrike;DE
Tennisclub TC 71 Weyhe e.V.;Jannik;Luppa;Luppa_Jannik;DE
walls der Padelfaktor;Andrew;Lux;Lux_Andrew;DE
Tennisclub TC 71 Weyhe e.V.;Axel;Maack;Maack_Axel;DE
;Uriël;Maarsen;Maarsen_Uriël;NL
Padel Berlin;Christoph;Mach;Mach_Christoph;DE
;Skirmantas;Mačinskas;Mačinskas_Skirmantas;LT
;Bernd;Mader;Mader_Bernd;DE
Pfrimmpark Arena;David;Maier;Maier_David;DE
walls der Padelfaktor;Thorben;Majkrowitz;Majkrowitz_Thorben;DE
walls der Padelfaktor;Alejandra;Mallavia León;Mallavia León_Alejandra;ES
;David;Mallón;Mallón_David;ES
Condor Padel;Markus;Malter;Malter_Markus;DE
Padel Berlin;Luis;Mañas;Mañas_Luis;ES
;Volker;Mann;Mann_Volker;DE
walls der Padelfaktor;Yannik;Mann;Mann_Yannik;DE
Padel Berlin;Max;Marco;Marco_Max;ES
Tennisclub Schwaigern e.V.;Ugo;Margarit;Margarit_Ugo;DE
Padel Club Berlin International e.V.;Jaume;Margenat Zillmer;Margenat Zillmer_Jaume;DE
Padel Club München;Ignacio;Marián;Marián_Ignacio;ES
Tennis-Club Grötzingen e.V.;Thomas;Mark;Mark_Thomas;DE
;Manja;Marquardt;Marquardt_Manja;DE
;Matthias;Martens;Martens_Matthias;DE
Condor Padel;Pau;Marti Fernández;Marti Fernández_Pau;ES
Condor Padel;Pedro;Martínez Matas;Martínez Matas_Pedro;ES
Spielvereinigung 1910 Durlach-Aue e.V.;Jerónimo;Martínez Montiel;Martínez Montiel_Jerónimo;ES
Padel Berlin;Diego;Martínez;Martínez_Diego;ES
Padel Berlin;Guillermo;Martínez;Martínez_Guillermo;ES
;Ignacio;Martín-Oar;Martín-Oar_Ignacio;ES
;Laurin;Masal;Masal_Laurin;AT
;Marcin;Maszczyk;Maszczyk_Marcin;PL
;Jessica;Mateo;Mateo_Jessica;ES
;Fabian;Maternoswki;Maternoswki_Fabian;DE
;Miguel;Mateu;Mateu_Miguel;ES
;María;Matilla;Matilla_María;ES
;Silvia;Matschiske;Matschiske_Silvia;DE
;Consonni;Matteo;Matteo_Consonni;IT
Condor Padel;Ole;Matthes;Matthes_Ole;DE
Füchse Berlin Reinickendorf e.V.;Steve;Matull;Matull_Steve;DE
Padel Berlin;Jan;May;May_Jan;DE
Tennisclub Schwaigern e.V.;Thomas;Mayer;Mayer_Thomas;DE
Padel Club München;María;Mayor;Mayor_María;ES
Tennisclub TC 71 Weyhe e.V.;Wolfgang;Mechau;Mechau_Wolfgang;DE
Padel Club München;Marina;Medina;Medina_Marina;ES
Unisport Köln;Antonio;Medrano;Medrano_Antonio;ES
;Frank;Mehling;Mehling_Frank;DE
;Jana;Meier;Meier_Jana;DE
Tennisclub TC 71 Weyhe e.V.;Michael;Meier-Klages;Meier-Klages_Michael;DE
;Bram;Meijer;Meijer_Bram;NL
;Benjamin;Meinshausen;Meinshausen_Benjamin;DE
Padel Club Berlin International e.V.;Gabriel;Meléndez Núñez;Meléndez Núñez_Gabriel;ES
;Alberto;Melgar;Melgar_Alberto;ES
Padel Berlin;Rafael;Melo;Melo_Rafael;BR
;Adrián;Méndez;Méndez_Adrián;ES
Padel Berlin;Jonathan;Menéndez Alonso;Menéndez Alonso_Jonathan;ES
Unisport Köln;Stefan;Merkes;Merkes_Stefan;DE
;Dirk;Merten;Merten_Dirk;DE
walls der Padelfaktor;Nick;Merten;Merten_Nick;DE
walls der Padelfaktor;Jonas;Messerschmidt;Messerschmidt_Jonas;DE
Padel Berlin;Michael;Messingschlager;Messingschlager_Michael;DE
Tennisclub Schwaigern e.V.;Uwe;Mewes;Mewes_Uwe;DE
;Nico;Meyer;Meyer_Nico;DE
Sportclub Schwarz-Weiss Cuxhaven;Thorsten;Michael;Michael_Thorsten;DE
Padel Club München;Jorge;Mielgo;Mielgo_Jorge;ES
Spielvereinigung 1910 Durlach-Aue e.V.;Christian;Mihai Vela;Mihai Vela_Christian;ES
;Titas;Mikelevičius;Mikelevičius_Titas;LT
Tennis-Club Grötzingen e.V.;Uwe;Miklitz;Miklitz_Uwe;DE
Padel Club München;Lidia;Millán Gutiérrez;Millán Gutiérrez_Lidia;ES
;Nemanja;Milosevic;Milosevic_Nemanja;SR
Spielvereinigung 1910 Durlach-Aue e.V.;Leon;Missalle;Missalle_Leon;DE
Unisport Köln;Fabian;Mohr;Mohr_Fabian;DE
;Bojan;Molicnik;Molicnik_Bojan;HR
;Pablo;Molla;Molla_Pablo;ES
Tennisclub TC 71 Weyhe e.V.;Stefan;Möller;Möller_Stefan;DE
Condor Padel;Markus;Molter;Molter_Markus;DE
Padel Berlin;Miki;Moncada;Moncada_Miki;ES
Tennis-Club Grötzingen e.V.;José Ángel;Monte Barreto;Monte Barreto_José Ángel;ES
;Francisco;Montes;Montes_Francisco;ES
;Laurent;Montoisy;Montoisy_Laurent;BE
Condor Padel;Agustín;Montoya;Montoya_Agustín;AR
;Valentin;Moosmann;Moosmann_Valentin;AT
Padel Club München;Julio;Moraleda;Moraleda_Julio;ES
;Jaime;Morcilo;Morcilo_Jaime;ES
TVN-Essen;Andre;Mordhorst;Mordhorst_Andre;DE
Spielvereinigung 1910 Durlach-Aue e.V.;Javier;Moreno Ventas;Moreno Ventas_Javier;ES
Padel Club Berlin International e.V.;Alba;Moreno;Moreno_Alba;ES
Padel Club Berlin International e.V.;Belén;Moreno;Moreno_Belén;ES
Unisport Köln;Kathrin;Mühlhausen;Mühlhausen_Kathrin;DE
Padel Club Berlin International e.V.;André;Müller;Müller_André;DE
Condor Padel;Hans Ole;Müller;Müller_Hans Ole;DE
Padel Berlin;Marco;Müller;Müller_Marco;DE
Padel Club Berlin International e.V.;Luis;Muniesa;Muniesa_Luis;ES
;Mauricio;Muñoz Martínez;Muñoz Martínez_Mauricio;AR
Padel Berlin;Jorge;Muñoz;Muñoz_Jorge;ES
Condor Padel;Henry;Münster;Münster_Henry;DE
;Maciej;Naduk;Naduk_Maciej;PL
Tennisclub TC 71 Weyhe e.V.;Jan;Napieray;Napieray_Jan;DE
Condor Padel;Malte;Nassner;Nassner_Malte;DE
Padel Club München;Moisés;Navarro Gallardo;Navarro Gallardo_Moisés;ES
Condor Padel;Víctor;Navarro;Navarro_Víctor;ES
Condor Padel;Tim;Neidhardt;Neidhardt_Tim;DE
;Norbert;Nemcsek;Nemcsek_Norbert;HU
;Norberto;Nesi;Nesi_Norberto;AR
walls der Padelfaktor;Lutz;Neukirch;Neukirch_Lutz;DE
Tennis-Club Grötzingen e.V.;Frederik;Neyheusel;Neyheusel_Frederik;DE
Padel Berlin;Cuang;Nguyen;Nguyen_Cuang;VN
Condor Padel;Thomas;Nickel;Nickel_Thomas;DE
;Chris;Nieberg;Nieberg_Chris;NL
;Florian;Niederlöhner;Niederlöhner_Florian;DE
Pfrimmpark Arena;Dirk;Niekisch;Niekisch_Dirk;DE
;Nele;Nielsen;Nielsen_Nele;DE
;Marina;Niessen;Niessen_Marina;ES
;Sido;Nijholt;Nijholt_Sido;NL
;Ki;Nilsson;Nilsson_Ki;SE
Unisport Köln;Carsten;Nöllgen;Nöllgen_Carsten;DE
TVN-Essen;Nicola;Nothoff;Nothoff_Nicola;DE
;Darek;Nowicki;Nowicki_Darek;DE
;Janosch;Nowicki;Nowicki_Janosch;DE
TVN-Essen;Mischa;Nowicki;Nowicki_Mischa;DE
;Severino;Nowikovsky;Nowikovsky_Severino;AT
walls der Padelfaktor;Kathrin;Oberle;Oberle_Kathrin;DE
;Cord-Felix;Oelkers;Oelkers_Cord-Felix;DE
Condor Padel;Sven;Oest;Oest_Sven;DE
;Sebastian;Oetting;Oetting_Sebastian;DE
Padel Berlin;Nadine;Oetzel;Oetzel_Nadine;DE
Pfrimmpark Arena;María;Ojeda Espil;Ojeda Espil_María;ES
Padel Club Berlin International e.V.;Esterlicia;Ojeda;Ojeda_Esterlicia;ES
;Kenny;Olin;Olin_Kenny;SE
;Kim;Olsson;Olsson_Kim;SE
;Lars;Olsson;Olsson_Lars;SE
;Lucas;Olsson;Olsson_Lucas;SE
Padel Berlin;Linda;Onnasch;Onnasch_Linda;DE
;Søren;Ørding;Ørding_Søren;DK
Padel Berlin;Rune;Orloff;Orloff_Rune;SE
Condor Padel;Nuno;Ortigosa;Ortigosa_Nuno;ES
;Juan Antonio;Ortiz;Ortiz_Juan Antonio;ES
;Raphael;Özelli;Özelli_Raphael;DE
Condor Padel;Pablo Javier;Páez;Páez_Pablo Javier;ES
;Luidži;Pakula;Pakula_Luidži;LT
Padel Club München;Juan;Palencia;Palencia_Juan;ES
Sportcenter Hahn;Dominic;Palm;Palm_Dominic;DE
Padel Berlin;Miguel;Palomares;Palomares_Miguel;ES
Padel Club München;Pere;Palou;Palou_Pere;ES
;Andreas;Palsson;Palsson_Andreas;SE
Padel Club München;Maurici;Pamias Prohias;Pamias Prohias_Maurici;AR
Spielvereinigung 1910 Durlach-Aue e.V.;Claudius;Panske;Panske_Claudius;DE
Tennis-Club Grötzingen e.V.;Bernhard;Parun;Parun_Bernhard;DE
;Tobias;Passmann;Passmann_Tobias;DE
;Félix;Pastor Escartín;Pastor Escartín_Félix;ES
Padel Club München;Ana;Pastor Olivares;Pastor Olivares_Ana;ES
;Alejandro;Pastor Soler;Pastor Soler_Alejandro;ES
;Aris;Patiniotis;Patiniotis_Aris;AR
Condor Padel;Winfried;Paul;Paul_Winfried;DE
TC Niddapark Frankfurt;Ignacio;Payán;Payán_Ignacio;ES
Padel Club am Marienberg CAM;Harald;Payrleitner;Payrleitner_Harald;AT
Padel Berlin;Guido;Pecoraro;Pecoraro_Guido;AR
;Betina;Pedersen;Pedersen_Betina;DK
;Jérôme;Peeters;Peeters_Jérôme;BE
;Yvonne;Peeters;Peeters_Yvonne;NL
Unisport Köln;Fabian;Pels;Pels_Fabian;DE
Padel Berlin;Eduardo;Penaranda;Penaranda_Eduardo;BO
;Ignacio;Perales Arroyo;Perales Arroyo_Ignacio;ES
;David;Pérez González;Pérez González_David;ES
;Ángel Luis;Pérez;Pérez_Ángel Luis;ES
;Daniel;Pérez;Pérez_Daniel;ES
Padel Club München;Pau;Pérez;Pérez_Pau;ES
Condor Padel;Ruth;Pérez;Pérez_Ruth;ES
Padel Club Berlin International e.V.;Nikolaj;Persson;Persson_Nikolaj;DE
;Steffen;Peters;Peters_Steffen;DE
Unisport Köln;Maike;Petersen;Petersen_Maike;DE
;Alexander;Petrovic;Petrovic_Alexander;HR
;Nick;Petrovic;Petrovic_Nick;HR
;Marc;Petrusch;Petrusch_Marc;DE
Pfrimmpark Arena;Thomas;Petzold;Petzold_Thomas;DE
Pfrimmpark Arena;Uwe;Petzold;Petzold_Uwe;DE
walls der Padelfaktor;Philipp;Petzschner;Petzschner_Philipp;DE
;Mark;Pfaff;Pfaff_Mark;DE
;Sebastian;Pfeiffer;Pfeiffer_Sebastian;DE
Condor Padel;Kerstin;Philipp;Philipp_Kerstin;DE
walls der Padelfaktor;Meike;Philippen;Philippen_Meike;DE
Sportcenter Hahn;Francesco;Picco;Picco_Francesco;IT
Tennis-Club Grötzingen e.V.;Martin;Piechaczek;Piechaczek_Martin;DE
Padel Club Berlin International e.V.;Cora;Pielot;Pielot_Cora;DE
Padel Berlin;Christiaan;Pieterse;Pieterse_Christiaan;ZA
;Julia;Pietzko;Pietzko_Julia;DE
walls der Padelfaktor;Rebecca;Pihan;Pihan_Rebecca;DE
;Zosia;Piórkowska;Piórkowska_Zosia;PL
Tennisclub TC 71 Weyhe e.V.;Mauro;Piras;Piras_Mauro;PT
;Xavi;Planas;Planas_Xavi;ES
;Andreas;Plath;Plath_Andreas;DE
;Markus;Platt;Platt_Markus;DE
Padel Berlin;Michael;Plehm;Plehm_Michael;DE
;Hendrik;Plikat;Plikat_Hendrik;DE
Padel Club München;David;Plitt;Plitt_David;DE
Unisport Köln;Claudia;Pöggeler Ribas;Pöggeler Ribas_Claudia;ES
;Klaus;Pöggeler;Pöggeler_Klaus;DE
Padel Club München;Albert;Pons;Pons_Albert;ES
Padel Club München;Jaime;Portas;Portas_Jaime;ES
;Martin;Potocki;Potocki_Martin;DE
KETV Karlsruher Eislauf und Tennisverein 1911 e.V.;Christian;Pöttinger;Pöttinger_Christian;DE
;Javier;Pratesi;Pratesi_Javier;AR
;Ignasi;Prellezo Brugue;Prellezo Brugue_Ignasi;ES
Padel Club München;Marcos;Priegue Martínez;Priegue Martínez_Marcos;ES
Padel Berlin;Felix;Probst;Probst_Felix;DE
;Arnold;Prokopovic;Prokopovic_Arnold;LT
;Ronald;Prokopovic;Prokopovic_Ronald;LT
;Rubén;Puertas Lorente;Puertas Lorente_Rubén;ES
;Javier;Puertas;Puertas_Javier;ES
Padel Club München;Jaume;Puig;Puig_Jaume;ES
Padel Club Berlin International e.V.;Laura;Pulido Serrano;Pulido Serrano_Laura;ES
;Jürgen;Pütz;Pütz_Jürgen;DE
;Hani;Quatfch;Quatfch_Hani;ES
Padel Club Berlin International e.V.;Juan Fernando;Quesada Hernández;Quesada Hernández_Juan Fernando;ES
;Gabriela;Radau;Radau_Gabriela;RO
;Simon;Rahman;Rahman_Simon;DE
;Michael;Raithaler;Raithaler_Michael;DE
Padel Club München;Cruz;Ramos;Ramos_Cruz;ES
Tennis-Club Grötzingen e.V.;Thomas;Randel;Randel_Thomas;DE
Padel Berlin;Carsten;Rasch;Rasch_Carsten;DE
;Mariane;Rasmussen;Rasmussen_Mariane;DK
Padel Berlin;Jaime;Ravelo;Ravelo_Jaime;MX
;Víctor;Rayado;Rayado_Víctor;ES
walls der Padelfaktor;Hans Jürgen;Rayle;Rayle_Hans Jürgen;DE
Padel Club München;Pascal;Reder;Reder_Pascal;DE
;Christine;Redlin;Redlin_Christine;DE
Padel Club Berlin International e.V.;Thilo;Reimann;Reimann_Thilo;DE
Unisport Köln;Daniel;Reiß;Reiß_Daniel;DE
;Jana;Reiss;Reiss_Jana;DE
Padel Club Berlin International e.V.;Holger;Reissig;Reissig_Holger;DE
Padel Club Berlin International e.V.;Sven;Reissig;Reissig_Sven;DE
Spielvereinigung 1910 Durlach-Aue e.V.;Sophia;Reiter;Reiter_Sophia;DE
;Frederik;Reith;Reith_Frederik;DE
Padel Club Berlin International e.V.;Carlos;Remacho;Remacho_Carlos;ES
Padel Berlin;Marcelo;Repetto;Repetto_Marcelo;IT
;Francisco;Revilla Linares;Revilla Linares_Francisco;ES
;Tomás;Ribalto;Ribalto_Tomás;ES
Condor Padel;Felix;Richter;Richter_Felix;DE
Tennisclub TC 71 Weyhe e.V.;Tim;Richter;Richter_Tim;DE
;Sten;Richters;Richters_Sten;NL
;Felix;Rick;Rick_Felix;DE
;Claus;Riechers;Riechers_Claus;DE
;Wolfgang;Riedl;Riedl_Wolfgang;DE
Padel Berlin;Felix;Ringelhan;Ringelhan_Felix;DE
Padel Club München;Jan;Rink;Rink_Jan;DE
Padel Berlin;José Miguel;Rioja;Rioja_José Miguel;ES
TC Niddapark Frankfurt;Miguel;Riquelme;Riquelme_Miguel;ES
;Igor;Rivchin;Rivchin_Igor;ZU
Padel Berlin;Thomas;Robin;Robin_Thomas;FR
;Christophe;Rochus;Rochus_Christophe;BE
;Oliver;Rochus;Rochus_Oliver;BE
Sportcenter Hahn;Ramona;Rodde;Rodde_Ramona;DE
Padel Berlin;Juan;Ródenas;Ródenas_Juan;ES
Padel Club Berlin International e.V.;Álvaro;Rodríguez Delgado;Rodríguez Delgado_Álvaro;ES
;Jonathan;Rodríguez Pérez;Rodríguez Pérez_Jonathan;ES
;;Rodríguez Plata;Rodríguez Plata_;ES
Padel Club Berlin International e.V.;Alejandro;Rodríguez;Rodríguez_Alejandro;ES
;Stefano;Rodríguez;Rodríguez_Stefano;MX
Padel Club München;Oliver;Rohm;Rohm_Oliver;DE
;Nina;Röll;Röll_Nina;DE
Spielvereinigung 1910 Durlach-Aue e.V.;Alfonso;Romero Homar;Romero Homar_Alfonso;ES
;Thomas;Ronn;Ronn_Thomas;DE
Unisport Köln;Fabian;Rönsdorf;Rönsdorf_Fabian;DE
;Lola;Rosas Matas;Rosas Matas_Lola;ES
;Luca;Rose;Rose_Luca;DE
Padel Point NRW;Mike;Rose;Rose_Mike;DE
;Stefan;Rose;Rose_Stefan;DE
Padel Club Berlin International e.V.;Anita;Rösler;Rösler_Anita;DE
Spielvereinigung 1910 Durlach-Aue e.V.;Christine;Roth;Roth_Christine;DE
;Felix;Roth;Roth_Felix;DE
;Heitor;Royer Guelfi;Royer Guelfi_Heitor;BR
;José Enrique;Rubio;Rubio_José Enrique;ES
Tennis-Club Grötzingen e.V.;Ben;Rudolph;Rudolph_Ben;DE
;Gert;Rudolph;Rudolph_Gert;DE
Padel Club München;Óscar;Rueda Dorta;Rueda Dorta_Óscar;ES
;Jan;Ruhl;Ruhl_Jan;DE
;Alejandra;Ruiz López;Ruiz López_Alejandra;ES
;Raúl;Ruiz Mareno;Ruiz Mareno_Raúl;ES
Padel Berlin;Andreas;Rümpel;Rümpel_Andreas;DE
Pfrimmpark Arena;Matthias;Rupp;Rupp_Matthias;DE
;Sebastian;Rupp;Rupp_Sebastian;DE
;Stefan;Rupp;Rupp_Stefan;DE
Sportcenter Hahn;Kevin;Ryan;Ryan_Kevin;DE
;Holger;Saam;Saam_Holger;DE
Padel RheinMain;Eduardo;Salinas;Salinas_Eduardo;ES
walls der Padelfaktor;Petra;Samoiski-Tierney;Samoiski-Tierney_Petra;DE
Condor Padel;Lennart;Samuelsen;Samuelsen_Lennart;DE
Padel Club München;Isaac;San Frutos Posadas;San Frutos Posadas_Isaac;ES
Padel Club Berlin International e.V.;Álvaro;Sánchez López;Sánchez López_Álvaro;ES
Condor Padel;María;Sánchez Navarro;Sánchez Navarro_María;ES
Spielvereinigung 1910 Durlach-Aue e.V.;Diego;Sánchez;Sánchez_Diego;ES
;Marcel;Sanner;Sanner_Marcel;DE
Tennisverein Espelkamp e.V.;Alexander-Douglas;Sannwaldt;Sannwaldt_Alexander-Douglas;DE
Tennisclub Schwaigern e.V.;Francisco;Sansón Franco;Sansón Franco_Francisco;ES
Spielvereinigung 1910 Durlach-Aue e.V.;Eduard;Sant;Sant_Eduard;ES
Padel Club München;Silvia;Sanz;Sanz_Silvia;ES
;Mirko;Sasse;Sasse_Mirko;DE
;Mael;Saugy;Saugy_Mael;DE
Unisport Köln;Benjamin;Schaafstall;Schaafstall_Benjamin;DE
;Christian;Schaeffkes;Schaeffkes_Christian;DE
;Germán;Schäfer;Schäfer_Germán;AR
;Lukas;Schäfer;Schäfer_Lukas;DE
;Tim Lukas;Schäfer;Schäfer_Tim Lukas;DE
Padel Berlin;Marsel;Schahin;Schahin_Marsel;DE
Sportclub Schwarz-Weiss Cuxhaven;Florian;Scheel;Scheel_Florian;DE
;Claudia;Scheinpflug;Scheinpflug_Claudia;DE
;Rene;Schemschat;Schemschat_Rene;DE
;Katrin;Scherz;Scherz_Katrin;DE
;Felix;Schifferle;Schifferle_Felix;DE
Padel Club München;Philipp;Schlösser;Schlösser_Philipp;DE
;Timo;Schmerling;Schmerling_Timo;DE
Sportcenter Hahn;Fabian;Schmidt;Schmidt_Fabian;DE
;Harald;Schmidt;Schmidt_Harald;DE
;Inga;Schmidt;Schmidt_Inga;DE
Condor Padel;Lars;Schmidt;Schmidt_Lars;DE
;Oliver;Schmidt;Schmidt_Oliver;DE
Padel Berlin;Sabine;Schmidt;Schmidt_Sabine;DE
Padel Berlin;Stefan;Schmidt;Schmidt_Stefan;DE
;Gundula;Schnabl;Schnabl_Gundula;DE
;Jörg;Schneckener;Schneckener_Jörg;DE
Sportcenter Hahn;Andreas;Schneider;Schneider_Andreas;DE
;Bea;Schneider;Schneider_Bea;DE
Padel Club München;Bernhard;Schneider;Schneider_Bernhard;DE
Pfrimmpark Arena;Falko;Schneider;Schneider_Falko;DE
;Philipp;Schneider;Schneider_Philipp;DE
Padel Club Berlin International e.V.;Robert;Schneider;Schneider_Robert;DE
;Corina;Scholten;Scholten_Corina;DE
Tennisclub TC 71 Weyhe e.V.;Fabian;Schomaker;Schomaker_Fabian;DE
;Till;Schomborg;Schomborg_Till;DE
Tennis-Club Grötzingen e.V.;Philipp;Schönberger;Schönberger_Philipp;DE
Unisport Köln;Ben;Schönborn;Schönborn_Ben;DE
Condor Padel;Anton;Schottmayer;Schottmayer_Anton;DE
;Torsten;Schröder;Schröder_Torsten;DE
TC Niddapark Frankfurt;Colin;Schulz;Schulz_Colin;AR
;Dirk;Schulz;Schulz_Dirk;DE
Pfrimmpark Arena;Jonathan;Schulz;Schulz_Jonathan;DE
;Dennis;Schuppel;Schuppel_Dennis;DE
;Jakob;Schuster;Schuster_Jakob;DE
Tennisclub TC 71 Weyhe e.V.;Alexander;Schwarz;Schwarz_Alexander;DE
;Sebastian;Schwenken;Schwenken_Sebastian;DE
Tennis-Club Grötzingen e.V.;Oliver;Schwörer;Schwörer_Oliver;DE
;Diego;Sebastián;Sebastián_Diego;ES
;Markus;Seitz;Seitz_Markus;DE
;Josef;Selinger;Selinger_Josef;DE
Füchse Berlin Reinickendorf e.V.;Christopher;Sell;Sell_Christopher;DE
Padel Club München;Manuel;Sellmeier;Sellmeier_Manuel;DE
Padel Berlin;Aleksi;Seppo;Seppo_Aleksi;IT
Spielvereinigung 1910 Durlach-Aue e.V.;Violeta;Serafimova;Serafimova_Violeta;BG
;Markus;Serr;Serr_Markus;DE
;Tanja;Serr;Serr_Tanja;ED
Padel Club München;Iñaki;Sesma;Sesma_Iñaki;ES
;Robin;Sietsma;Sietsma_Robin;NL
walls der Padelfaktor;Darwin;Sigg;Sigg_Darwin;DE
Unisport Köln;Jan;Sitz;Sitz_Jan;DE
;Nils;Skajaa;Skajaa_Nils;DK
;Michael;Skorczewski;Skorczewski_Michael;DE
;Jakub;Słowiński;Słowiński_Jakub;PL
;Joost;Snellink;Snellink_Joost;NL
Padel Berlin;Eric;Solanes;Solanes_Eric;ES
Unisport Köln;Adrià;Solé;Solé_Adrià;ES
;Nassner;Sören;Sören_Nassner;DE
Condor Padel;Daniel;Sorribes;Sorribes_Daniel;ES
Padel Berlin;Klaus;Sosna;Sosna_Klaus;DE
Padel Berlin;Martina;Sosna;Sosna_Martina;DE
;Kristopher;Sotiriu;Sotiriu_Kristopher;AT
Padel Club Berlin International e.V.;Heimo;Sperling;Sperling_Heimo;DE
;Tobias;Spinner;Spinner_Tobias;DE
;Władysław;Średniawa;Średniawa_Władysław;PL
Padel Club Berlin International e.V.;Kai;Stange;Stange_Kai;DE
Tennisverein Espelkamp e.V.;Franz;Stauder;Stauder_Franz;DE
;Frieder;Steen;Steen_Frieder;DE
;Martin;Steffen;Steffen_Martin;DE
TC Niddapark Frankfurt;David;Steinebach;Steinebach_David;DE
;Tobias;Stemann Lau;Stemann Lau_Tobias;DK
Unisport Köln;Franz;Stemmer;Stemmer_Franz;DE
;Nina;Stepp;Stepp_Nina;DE
;Markus;Stingl;Stingl_Markus;DE
Padel Club Berlin International e.V.;Ralf;Stoffers;Stoffers_Ralf;DE
Unisport Köln;Jan;Stolle;Stolle_Jan;DE
;Charlotte;Störiko;Störiko_Charlotte;SE
;Alexander;Stork;Stork_Alexander;DE
;Beate;Stork;Stork_Beate;DE
;Christian;Stork;Stork_Christian;DE
;Jan;Strauß;Strauß_Jan;DE
Tennis-Club Grötzingen e.V.;Oliver;Strauss;Strauss_Oliver;DE
Padel RheinMain;Oliver;Strecker;Strecker_Oliver;DE
walls der Padelfaktor;Richard;Ströhl;Ströhl_Richard;DE
walls der Padelfaktor;Sara;Ströhl;Ströhl_Sara;DE
;Mariel;Suárez;Suárez_Mariel;DE
Sportclub Schwarz-Weiss Cuxhaven;Martin;Sukal;Sukal_Martin;DE
;Jörn;Sültrup;Sültrup_Jörn;DE
Condor Padel;Pol;Sunyer;Sunyer_Pol;ES
;Heusser;Susanne;Susanne_Heusser;DE
;Mathijs;Ter Haar;Ter Haar_Mathijs;NL
Unisport Köln;Ben;Thavisin;Thavisin_Ben;DE
Padel Club Berlin International e.V.;Christoph;Thiel;Thiel_Christoph;DE
Padel Club Berlin International e.V.;Benjamin;Thiele;Thiele_Benjamin;DE
walls der Padelfaktor;Saskia;Thurm;Thurm_Saskia;DE
Pfrimmpark Arena;Oliver;Thurow;Thurow_Oliver;DE
Padel Berlin;Tommaso;Tidei;Tidei_Tommaso;IT
Tennisclub TC 71 Weyhe e.V.;Maren;Tiedjen;Tiedjen_Maren;DE
;Anja;Timm;Timm_Anja;DE
;Sven;Timm;Timm_Sven;DE
walls der Padelfaktor;Christian;Tittmann;Tittmann_Christian;DE
Pfrimmpark Arena;Jordan;Tobi;Tobi_Jordan;DE
;Gordon;Tödtmann;Tödtmann_Gordon;DE
;Hillebrand;Tom;Tom_Hillebrand;DE
Pfrimmpark Arena;Jesús;Toro;Toro_Jesús;ES
;Albert;Torras;Torras_Albert;ES
Padel Berlin;Christina;Tramburg;Tramburg_Christina;DE
Padel Club München;Laura;Trat;Trat_Laura;DE
Padel Club München;Regine;Trat;Trat_Regine;DE
Padel Club München;Sophia;Trat;Trat_Sophia;DE
Tennisclub TC 71 Weyhe e.V.;Harald;Trinks;Trinks_Harald;DE
;Michael;Tritschler;Tritschler_Michael;DE
;Erik;Trümpler;Trümpler_Erik;DE
Padel Club München;Magdalena;Trzepis;Trzepis_Magdalena;PL
Sportcenter Hahn;Sarah;Ulbrich;Ulbrich_Sarah;DE
Padel Berlin;Michael;Ullmann;Ullmann_Michael;DE
;Juan;Valdés;Valdés_Juan;ES
;Marc;Valentí Soler;Valentí Soler_Marc;ES
Padel Club München;Ariel;Valiente;Valiente_Ariel;AR
Condor Padel;Holger;van Dahle;van Dahle_Holger;DE
Condor Padel;Biggi;van Dahle-Schmees;van Dahle-Schmees_Biggi;DE
;Leander;van der Vaart;van der Vaart_Leander;NL
;Tess;van Dinteren;van Dinteren_Tess;NL
Tennisverein Espelkamp e.V.;;van Kaan;van Kaan_;NL
;Victor;Van Ruissen;Van Ruissen_Victor;NL
Padel Club München;Marina;Vargas;Vargas_Marina;ES
Spielvereinigung 1910 Durlach-Aue e.V.;M.;Vatter;Vatter_M.;DE
;Fernando;Veras;Veras_Fernando;ES
;Miquel;Verhagen;Verhagen_Miquel;NL
Padel Club München;Dirka;Vermee;Vermee_Dirka;DE
Padel Berlin;David;Vian Reyes;Vian Reyes_David;ES
Padel Berlin;José;Vidal;Vidal_José;ES
Padel Club München;Jacobo;Villar;Villar_Jacobo;ES
Padel Club München;Marta;Villar;Villar_Marta;ES
;Santiago;Villar;Villar_Santiago;ES
;José Miguel;Villarroya Azagra;Villarroya Azagra_José Miguel;ES
Tennis-Club Grötzingen e.V.;Oliver;Virk;Virk_Oliver;DE
;Ruben;Visscher;Visscher_Ruben;DE
;Hans;Visser;Visser_Hans;NL
Unisport Köln;Peter;Vogelsang;Vogelsang_Peter;DE
Padel Club München;Christofer;Vogt;Vogt_Christofer;DE
;Paul;Voigt;Voigt_Paul;DE
;Jan;Völkel;Völkel_Jan;DE
;Hubert;von Alvensleben;von Alvensleben_Hubert;DE
;Markus;von Ass;von Ass_Markus;DE
Condor Padel;Erwin;von Bressensdorf;von Bressensdorf_Erwin;DE
Condor Padel;Michael;von Bressensdorf;von Bressensdorf_Michael;DE
;;von Hagen;von Hagen_;DE
Pfrimmpark Arena;Michael;von Ketelhodt;von Ketelhodt_Michael;DE
Padel Club München;Martina;Vosteen;Vosteen_Martina;DE
;Hinterseer;Vroni;Vroni_Hinterseer;DE
walls der Padelfaktor;Martin;Wagener;Wagener_Martin;DE
Pfrimmpark Arena;Jana;Wagner;Wagner_Jana;DE
;Christian;Wald;Wald_Christian;DE
;Alejandro;Walter;Walter_Alejandro;DE
;Nicolas;Wälzholz;Wälzholz_Nicolas;DE
;Sebastian;Wandt;Wandt_Sebastian;DE
;Ewan;Watson;Watson_Ewan;GB
Spielvereinigung 1910 Durlach-Aue e.V.;Bernd;Weber;Weber_Bernd;DE
Tennis-Club Grötzingen e.V.;Patrick;Weber;Weber_Patrick;DE
;Sarah;Weber;Weber_Sarah;DE
;Heinz;Wedekind;Wedekind_Heinz;DE
Tennisclub Schwaigern e.V.;Sascha;Wendl;Wendl_Sascha;DE
;Jaroslaw;Werner;Werner_Jaroslaw;DE
Padel Berlin;Luta;Werner;Werner_Luta;DE
;Michael;Werner;Werner_Michael;DE
Sportclub Schwarz-Weiss Cuxhaven;Michael;Wessel;Wessel_Michael;DE
TVN-Essen;Nicole;Westendarp;Westendarp_Nicole;DE
;Stephen;Whiteley;Whiteley_Stephen;GB
Tennisclub TC 71 Weyhe e.V.;Kristian;Wichmann;Wichmann_Kristian;DE
;Frank;Wiebeler;Wiebeler_Frank;DE
;Cathrin;Wiedemann;Wiedemann_Cathrin;DE
;Bert;Wiesheu;Wiesheu_Bert;ES
Condor Padel;Christian;Wiessner;Wiessner_Christian;DE
;Mattias;Wietoska;Wietoska_Mattias;DE
Padel Berlin;Manuel;Wildmann;Wildmann_Manuel;DE
Padel Berlin;Dietmar;Wilke;Wilke_Dietmar;DE
;Norbert;Willems;Willems_Norbert;DE
KETV Karlsruher Eislauf und Tennisverein 1911 e.V.;Mischa;Winde;Winde_Mischa;DE
;Florian;Winkelmann;Winkelmann_Florian;DE
;Jörg;Winkler;Winkler_Jörg;DE
;Thorsten;Winter;Winter_Thorsten;DE
Unisport Köln;Dominik;Wißkirchen;Wißkirchen_Dominik;DE
Unisport Köln;Alejandro;Witt;Witt_Alejandro;EC
;Kirsten;Witthöft;Witthöft_Kirsten;DE
Tennisclub Schwaigern e.V.;Jens;Woll;Woll_Jens;DE
;Lisa;Wolmerath;Wolmerath_Lisa;DE
;Tobias;Wolter;Wolter_Tobias;DE
Condor Padel;Christian;Wrage;Wrage_Christian;DE
;Daniel;Wunsch;Wunsch_Daniel;DE
;Tommy;Würtner;Würtner_Tommy;DE
;Tanja;Zander;Zander_Tanja;DE
;Javier;Zandio Lizarraga;Zandio Lizarraga_Javier;ES
Padel Club München;Timo;Zang;Zang_Timo;DE
;Philipp;Zaucker;Zaucker_Philipp;DE
;Riklef;Zech;Zech_Riklef;DE
court 4 GmbH;Jan;Zeitvogel;Zeitvogel_Jan;DE
court 4 GmbH;Tim;Zeitvogel;Zeitvogel_Tim;DE
Pfrimmpark Arena;Fabricio;Zeller;Zeller_Fabricio;AR
;Baris;Zencirli;Zencirli_Baris;DE
